Time,Interface,Density (kg/m^3),Pressure (kg/ms^2),Velocity (m/s),Temperature (K),Mass Flow Rate (kg/s),Dynamic Pressure (kg/ms^2)
0.0,INTER1,237.24535307297552,20684280.0,12.741769138669923,280.7000000024609,0.09573368554780286,19258.709537372593
0.0,INTER2,85.01165012751456,6996085.392957324,35.558955905371946,280.70000000426813,0.09573368555569192,53746.03760571022
